<?xml version="1.0" encoding="utf-8"?>
<ApplicationInstallerManifest>
   <DefaultInstallationDirectory>/Applications/SpectralGranularSinth/</DefaultInstallationDirectory>
   <ApplicationName>SpectralGranularSinth</ApplicationName>
   <ExecutableName>application/SpectralGranularSinth.exe</ExecutableName>
   <GUID>0d85a3c5-a684-4364-8a09-03132f3b752d</GUID>
   <ApplicationIcon>default_icon_48.png</ApplicationIcon>
   <Logo>default_logo.png</Logo>
   <Version>1.0</Version>
   <InstallationNotes>In the following directions, replace MR by the directory where MATLAB or the MATLAB Runtime is installed on the target machine.

If the environment variable DYLD_LIBRARY_PATH is undefined, set it to the following string:

MR/v93/runtime/maci64:MR/v93/sys/os/maci64:MR/v93/bin/maci64

If it is defined, set it to the following:

${DYLD_LIBRARY_PATH}:MR/v93/runtime/maci64:MR/v93/sys/os/maci64:MR/v93/bin/maci64</InstallationNotes>
   <Summary>http://stefanofasciani.com/sgs.html</Summary>
   <WelcomePanelText>SpectralGranularSinth 1.0
http://stefanofasciani.com/sgs.html
Stefano Fasciani
stefano@fasciani.xyz</WelcomePanelText>
   <MCRProducts>
      <MCRProduct>
         <ExternalProductIdentifier>35000</ExternalProductIdentifier>
      </MCRProduct>
      <MCRProduct>
         <ExternalProductIdentifier>35010</ExternalProductIdentifier>
      </MCRProduct>
   </MCRProducts>
</ApplicationInstallerManifest>